year,0,1,2,3,4,5,6,7,8,9
1,8.4,8,10.2,12,8.7,10.9,8.3,9.2,13.1,11.2
2,6.2,6,9.5,13.5,11.1,10.2,8.7,8.6,14.5,11.7
3,4.9,4.6,9.7,15.5,11.2,10,7.8,9.3,14.1,12.9
4,3.4,4.8,8.9,15.6,10.9,9.9,10.2,9.9,13.4,13
5,3.2,5.4,5.7,15.4,10.5,10.3,11.8,9.4,13.9,14.4
6,2.9,4.1,4.2,17.4,6.9,11.2,13.2,9.9,14.8,15.4
7,2.5,2.5,4.4,16.5,5.2,13.1,12.9,10.8,14.1,18
8,1.9,2.1,4.1,16.4,5.8,14.5,12.8,12.2,11,19.2
9,1.8,3.1,3.8,14.3,3.3,16.6,11.9,13.8,11.1,20.3
10,1.8,3.6,3.1,13.2,3.3,16.4,10.9,14.8,12.3,20.6
11,4.7,3.6,2.7,8.7,4.3,16.7,10.7,15.6,9.7,23.3
12,4,3,2.1,8.7,2.7,16.1,10,17,10.8,25.6
13,5.4,3.1,2.4,7.8,3.1,14.9,11.3,16.3,9.7,26
14,4.3,3.7,2.4,9.9,2.5,13.5,9.9,16.3,9.7,27.8
15,3.3,3.8,3.3,11.5,2.8,13.4,9,15.9,8.7,28.3
16,2.4,5.1,3.9,13.4,1.5,11.8,6.1,16,10.4,29.4
17,3.5,5.5,4.5,13.6,2.6,12.6,4.7,13.6,9.7,29.7
18,3.5,5.5,5.8,13.4,2,11.6,5.6,13.9,10.4,28.3
19,3,4.2,7.5,11.3,3.7,14.6,3.8,15.4,8.8,27.7
20,4.1,1.5,8.1,9.8,3.2,15.2,6.1,15.5,10.4,26.1
21,4.6,0.7,8.8,7.2,2.5,17.3,8.1,16.4,9.9,24.5
22,4.3,1.5,10.7,8.8,3.2,14.6,7.4,14.8,10.4,24.3
23,4.4,2.3,9.7,7,3.7,15.2,9.3,15.5,12,20.9
24,6.3,1.6,7.3,5.4,4.2,17.3,9.4,17,13.3,18.2
25,7,0.9,5.6,3,5.8,21.1,7.7,18.1,14.6,16.2
26,6.4,0.6,4.9,2.8,4.5,23.6,7.7,17.7,14.3,17.5
27,5.4,0.6,6.8,4,5.5,20.3,5.7,16.9,12,22.8
28,2.7,1,7.1,6.4,6,20.2,3.6,16.9,9.6,26.5
29,2.1,2.3,8.6,6.7,5.6,17.9,2.6,18.7,7.2,28.3
30,3.4,3.4,7.4,6.2,4.6,15.9,3.8,17.5,7.9,29.9
31,3.6,3,8.1,7.7,2.8,15,3.9,20,6.6,29.3
32,2.6,2.7,5.9,8,3.4,15.8,4.9,20.4,5.2,31.1
33,2.9,1.5,3.6,8.8,4.6,14.4,5,21.4,5.7,32.1
34,0.9,1.1,2,11.7,3.9,14,5.7,22.4,5,33.3
35,0.7,1.4,2.2,11.5,3.4,14.4,4.7,22.7,5.6,33.4
36,0.1,1.5,3,11,2,13.7,5,22.3,6.7,34.7
37,0.1,2.3,4.1,9.8,1.3,16,4.6,21.7,6.3,33.8
38,0,2.1,4.5,8.7,2.1,15.7,4.7,20.2,7.3,34.7
39,1,1.4,4.4,6.9,3.1,15.8,6.4,18.2,8.5,34.3
40,1.3,1.4,3.3,6.8,2.8,16.3,6,14.7,9.8,37.6
41,1,0.4,2.7,6.9,2.4,18.1,5.6,13.2,10.4,39.3
42,0.9,0.8,2.2,4.4,2.5,19.2,7.1,10.5,12.1,40.3
43,0.4,0.4,3.3,3.9,2.4,19.3,6.9,10.7,12.7,40
44,0.5,0.1,3.2,3.8,2.9,19.5,8.2,11.8,11,39
45,0.9,0.2,2.8,3.8,3.6,18.6,7.2,12.4,11,39.5
46,0.7,0.7,4.2,2.6,3.1,19.7,8,11.6,10.9,38.5
47,0.7,0.8,4.2,3.6,3.1,17.3,8.2,12.8,10.3,39
48,0.5,1,3.8,4,4.5,17.5,8,13.5,9,38.2
49,0.9,0.6,3.3,2.8,5.3,19.5,7.6,13.7,7,39.3
50,2.1,0.6,4.1,1.3,5.7,19.2,5.9,13.8,8.5,38.8
51,1.3,0.6,4.7,1.5,5.4,20.2,5.6,14.3,8.5,37.9
52,2.2,0.5,3.7,1.3,4.8,21,4.9,14,10.2,37.4
53,0.9,0.6,1.5,2.2,4.8,21.6,6.7,14.9,9.9,36.9
54,0.9,0.5,1.3,1.6,3.5,23.3,7.8,14.3,9.5,37.3
55,0.9,0.5,1.1,2.8,2.3,24.3,9.2,13.6,7.6,37.7
56,0.7,0.4,0.9,3.1,0.7,26.7,7.5,14.6,7.6,37.8
57,1.1,0.2,0.9,4.4,0,26.7,7.4,14.7,6.4,38.2
58,0.4,0.6,0,4.1,1.9,28,5.6,14.8,6.1,38.5
59,0.8,0.5,0,2.2,2.4,27.6,4.9,14.8,7.2,39.6
60,0,0.8,0.4,1.4,3.7,28.1,3.9,15.8,5.7,40.2
61,0.5,1.7,0.9,0.4,4.1,27.6,3.2,15.1,6.5,40
62,1.4,1.1,1,0,4.1,26.4,3.3,14.9,7.5,40.3
63,0.5,0.8,0.7,0,6,25.5,2.6,15,7.3,41.6
64,1.1,0.1,0.7,0.4,6.8,26,2.5,14.2,7.4,40.8
65,0.9,0,0,0,6.7,25.3,1.8,14.7,8,42.6
66,1.3,0,0,0.4,5.8,24.2,1.8,14.8,9.2,42.5
67,1,0.9,0,1.3,4.8,22.8,2.1,14.9,9,43.2
68,0.2,1.5,0.4,0.4,4.8,21.2,2.1,14.9,11.1,43.4
69,0,1.4,1,0.7,7.2,18.2,0.7,14.6,12.1,44.1
70,0,1.4,0.5,0.8,6.8,18.3,1.3,12.8,13.3,44.8
71,0,1.4,1.6,1.6,3.6,18,3,11.9,13.2,45.7
72,0.2,1.6,0.1,2.4,3.3,20.3,3.3,9.3,12.7,46.8
73,0,1.3,0.2,3.2,2.1,23.1,3.5,7.5,11.9,47.2
74,0.4,0.7,1,3.2,1.9,21.3,3.1,7.6,12,48.8
75,1.9,1,1,2.7,1.9,21.7,2.7,7.5,10.2,49.4
76,2.4,2.2,1,1.6,0.9,21.7,2.2,8.3,10.7,49
77,1.2,2.4,0.9,2.1,1.8,18.7,3.8,8.8,12.1,48.2
78,0.7,1.6,0.9,2.7,1.6,18.2,5.6,8.4,12.1,48.2
79,0.9,1.3,0.6,2.7,1.6,17,6.3,8,13.9,47.7
80,0.1,1.7,0.3,2.3,0.9,18.1,5.6,7.1,14.6,49.3
81,1,2,1.2,2.6,0.2,17.1,5.4,6.8,11.9,51.8
82,0.2,2.8,1,3.5,0.2,17.5,3.1,6.8,12.5,52.4
83,0.3,4,0.6,3.9,1.1,16,2.6,6.8,13.8,50.9
84,0.8,2.7,2,3.3,1.8,14,4.2,6.2,14.3,50.7
85,1.1,2.5,1.6,2.6,1.8,13.4,4.7,6,14.9,51.4
86,1,2.1,0.5,3.7,1.1,13.4,4.7,7.3,14.2,52
87,0.5,1,1,3.7,1.7,12.5,4.9,7.1,14.5,53.1
88,0,0.7,1.5,4.3,1.3,8.5,4.8,7.1,16.1,55.7
89,0,1.5,2.4,3.7,0.9,5.5,3.8,7.8,18.3,56.1
90,0,2.6,0.9,2.5,1,3.5,2.6,7.8,21,58.1
91,0,0.8,0.5,2.5,1.4,2.5,2.4,9.1,22,58.8
92,0,0.8,1.1,1.6,0.9,4.1,1.9,8.5,21.4,59.7
93,1.5,0.5,1.6,2.2,0.7,4.5,2,9.2,20,57.8
94,1.4,1.4,1.6,1.9,1.9,2.1,2,8.5,19.7,59.5
95,0.8,0.6,1.8,2.6,1.9,3.2,2,8.1,18.8,60.2
96,1.7,1.4,2.4,2.7,2.3,0.7,2.4,7.8,19.2,59.4
97,2,0.8,3.7,4,4,0.4,3.3,10.3,17.2,54.3
98,1.3,0.9,3.9,4,4.1,0.3,4.6,11.6,16.6,52.7
99,0.6,1.8,3.2,3.7,4.6,0.3,4,11.7,16.6,53.5
100,0.8,1.6,2.4,2.2,2,0,3.4,13.6,18.5,55.5
101,1.2,0.6,3.2,2.5,2.6,0,3.5,15.2,17.2,54
102,1,1.7,2.6,3.1,3.2,0,3.1,14.7,17.2,53.4
103,1.5,1.2,2.8,4.8,4.8,0,3.3,15.9,15.6,50.1
104,1.5,0.3,1.1,5.8,7.1,0,3.8,17.6,12.5,50.3
105,0.4,0.6,1.5,4.7,6.5,0.8,3.7,18.5,14.7,48.6
106,0.5,1.3,1.3,4.3,4.8,2.2,2.8,18.8,14.4,49.6
107,0.6,0.7,1.5,4.9,5.3,3,2.9,18.8,15.1,47.2
108,0.6,0,0.5,3.9,4.7,5,2.6,19.1,15.6,48
109,0.6,0.4,0.5,1.5,2.8,5.1,2.7,22.1,15.6,48.7
110,0.6,0.7,0.5,1,2,5.5,3,21.9,15.9,48.9
111,0.6,0.4,0.5,0.7,3.3,6.3,3.5,22.2,14.5,48
112,0.3,0.9,0.1,3,2.9,6.8,3.6,22.2,13.9,46.3
113,1.2,0.6,0.8,4,2.8,6.1,4.3,21.9,14.6,43.7
114,0.7,0.6,1.6,3.7,3.5,7.8,3.3,21.9,13.8,43.1
115,1.1,0.4,1.7,3.2,3.1,8.5,1.5,20.5,14.2,45.8
116,1.5,0,0.9,2.4,3.1,8.7,1.5,19.7,15.6,46.6
117,1.5,0.4,0.4,1.8,2.9,8.1,2,19,16.2,47.7
118,1.9,0.4,0.5,1.3,2.2,7.8,1.5,18.6,17,48.8
119,1.7,0,0.4,2.9,2.5,8.5,2.6,17.6,16,47.8
120,0.7,0,1.2,1.9,3.9,8.7,4.2,16.6,13.9,48.9
121,0.8,0,0.3,2,4.1,9.6,4.5,16.7,14.7,47.3
122,1.2,0,0.5,2.2,2.4,9.3,3.8,17.2,16.6,46.8
123,2,0,0.6,2.2,1.4,8.9,5,18,15.8,46.1
124,3.2,0.2,0.7,2.5,1.4,6.2,5.8,18.9,15.8,45.3
125,4,0.5,0.5,2.4,1.1,4.2,6.7,19.9,15.2,45.5
126,5,0.7,0.4,2.8,0.6,2.5,7.5,20.6,15,44.9
127,3.8,1.8,0.3,1.7,0.8,4.9,7.8,18.8,14.4,45.7
128,2.4,1.4,0.8,2.1,1.1,6.1,7.1,19,13.8,46.2
129,2.8,1.1,0.7,3.2,1.6,6.3,6.5,18.4,12.8,46.6
130,2.4,1.3,0.6,3.9,1.8,7.2,5.6,18.5,12.8,45.9
131,2.4,1.6,1.1,5.3,3.3,7.6,4.2,15.8,11.6,47.1
132,2.7,2.7,1.1,4.2,3.1,6.1,3.1,16.4,13.2,47.4
133,1.9,2.2,1.2,2.9,4.1,6.2,4.3,15.1,14.2,47.9
134,1.1,3,1.7,3,4.4,5.5,5.3,12.7,15,48.3
135,0,3.1,2.9,3.5,4.7,3,4.8,11.7,16.4,49.9
136,0.1,2.7,4.9,4.1,5.3,3,2.9,10.8,16.7,49.5
137,0,4,4.6,4.6,4.1,2.9,3.1,10.5,16.2,50
138,0,5.8,3.5,3.9,3.6,2.8,2.7,11.8,17.5,48.4
139,0.1,4.9,1.9,4.1,1.9,2.5,4,15.1,16.8,48.7
140,0.2,4.1,3.2,4.3,2.6,1.2,4.4,16,16.9,47.1
141,0.1,2.7,2.9,3.6,3.7,2,4.9,18.4,18,43.7
142,1.2,4.6,3.9,2.6,3,2.7,3.5,19.4,18.7,40.4
143,2.6,6.3,3,3.2,2.4,4.6,2.4,21.9,18.1,35.5
144,3.2,5.8,2.4,3.2,1.7,3.8,2,23.4,16.8,37.7
145,1.1,6,2.1,4.1,2.7,5.1,4.5,21,15.4,38
146,1.1,3.7,2.3,4.6,2.7,5.2,6.5,18.8,15.2,39.9
147,1.6,3.5,1.4,4.5,2.8,2.4,6.8,19.1,15.8,42.1
148,2,2.6,3.3,4.2,2,1.8,7.9,17.4,15.8,43
149,1.4,3.5,4,4.3,3.2,1.9,8.2,14.8,15.4,43.3
150,2.2,4.6,4.5,5,5.5,1.8,7.6,8,15.9,44.9
151,0.5,6,5.8,6.9,8.8,2.9,5.6,7,12.1,44.4
152,0.9,6.3,4.9,7.1,6.6,1.9,6.3,7.5,12.1,46.4
153,1.3,6.5,3,7.6,4.5,1.7,7.3,8.8,14,45.3
154,1.4,5.4,2,8.7,3.4,1.2,9.4,9.1,13.8,45.6
155,1,4.2,2.9,8.8,3.5,0.9,9.1,9.1,14.9,45.6
156,1,3.4,4.5,7.9,4.7,1.2,8.6,8.2,14.7,45.8
157,0.8,2.6,6.4,6.4,7.1,1.4,8.9,4.7,15.4,46.3
158,1.7,2.5,7.4,5.4,8.6,1.5,9.5,3.8,12.5,47.1
159,1.7,1.8,7.6,4.7,11.2,1.7,11,2.6,11.1,46.6
160,1.3,2.1,7.8,4.7,11.6,1.6,10.3,2.9,9.6,48.1
161,1.2,2,5.9,4.7,10.7,1.3,10.2,2.8,11.9,49.3
162,2.6,1,6.2,5.3,9.5,1,9.9,2.3,13.4,48.8
163,3,0.8,5.1,7,7.7,0.6,9.9,1.7,14.2,50
164,3.8,0.4,4.9,8.2,6.3,0.4,8.9,2,14.4,50.7
165,3.5,0.4,4.9,8.1,5.3,0.2,7.8,2.6,15.5,51.7
166,2.8,0.4,5.6,6.1,5.2,1.2,8.5,2.4,14.4,53.4
167,2.9,0,5,6.6,5,1.4,6.8,3.3,15.7,53.3
168,2.3,0.9,4.2,7,5,1.8,6.3,4.4,15.3,52.8
169,1.7,0,3,8.6,5.1,2.6,4.5,6.6,15.9,52
170,1,0,4.1,9,4.2,3.6,4.3,8.3,14.5,51
171,0.6,0.2,6.9,7.6,2.7,4.2,3.9,7.7,14.5,51.7
172,1.3,1.2,7.2,7.5,0.5,4.6,4.8,6.6,13.6,52.7
173,1.2,1.4,9,5.3,0.2,4.6,7.7,5.2,11.6,53.8
174,1.1,3.5,10.4,3.5,0.2,4.6,9.1,2.8,10.6,54.2
175,1.9,1.8,10.6,4.2,0.7,5.8,11.4,0.9,9.4,53.3
176,0.9,0.8,9.6,4.6,2,5.2,10.9,0.3,11.9,53.8
177,1,0.8,7.4,5.2,0.8,4.8,14.4,0.4,11.9,53.3
178,1,0.8,5,6,1.6,5.3,12.7,0.5,12,55.1
179,1.1,0.8,4.7,4.4,3.2,3.2,13,0.8,12.6,56.2
180,1.4,0.4,4.1,3.8,1.8,4.7,13.7,1.3,11.7,57.1
181,0.9,0.4,3.2,2.6,1.6,4.6,14.7,1.2,12.1,58.7
182,0.8,0.4,3.1,1.5,1.8,4.9,12.7,1.8,12.7,60.3
183,0.4,0,3,2.7,2.1,6.4,11.2,2.5,12.5,59.2
184,0,0.2,2.1,2.1,1.1,6,11.6,3.1,13.6,60.2
185,0,0.4,2.1,3,1,3.8,11.5,2.9,13.6,61.7
186,0,0.4,2.8,3.5,1.8,2.3,9.5,3.9,14,61.8
187,0,0.4,2.2,3.2,2,1.6,9.2,5.6,13.8,62
188,0,0.2,3.3,3.7,1.8,1.8,6.8,6.9,14,61.5
189,0,0.6,3.1,2.6,1.4,1.5,8.2,6.9,13.9,61.8
190,0,0.2,3.2,1.2,1.1,1.8,9.9,6,14.7,61.9
191,0,1.1,2.8,1.1,1.4,1.7,10.4,5.6,14.9,61
192,0.3,0.6,1.5,1.2,2.5,2.3,10,5.6,14.9,61.1
193,0.3,0.8,1,1.3,3.6,2.3,9.7,6,14.3,60.7
194,0,1.4,1.5,1.3,3.8,2.9,10.8,6.4,11.5,60.4
195,0.6,0,0.4,2.2,3.8,3.9,9.5,7.1,10.2,62.3
196,0,0,0.6,3.2,4.2,4.6,10.8,4.3,10.9,61.4
197,0,0,0.6,3,2.7,5.8,11.8,5.8,11.6,58.7
198,0.3,0,0.6,3.9,1.5,6.3,12.7,6.5,10.3,57.9
199,0.5,0.1,0.6,3.6,1.2,6,13.4,7,9.6,58
200,0.2,1.2,0.5,2.6,1.5,5.3,13.7,7.6,8.6,58.8
201,0.3,0.5,0.4,1.5,2.7,5.3,12.4,10.4,9.7,56.8
202,0,0.5,0.6,1.2,2.6,6.3,11.6,11.8,9.5,55.9
203,0,0.5,0.4,1.4,3.8,7.2,10.4,13.3,9.1,53.9
204,0.9,1.1,0.9,2.1,4.8,6.3,7.1,15.6,8.9,52.3
205,0.1,1,1.5,2,5.7,5.4,5.4,15.9,9.5,53.5
206,0.2,1.3,1.6,3.8,6,5.6,8.1,14.1,9,50.3
207,0.2,2.4,1.5,2.6,5.7,6.1,7,16.3,7.5,50.7
208,0.6,1.9,1,1.8,5.3,7.1,1.1,19.2,7.4,54.6
209,0.1,1.1,0.9,0.9,5.5,6.9,0.6,19.9,8.7,55.4
210,0.6,1.3,1.2,0,5.6,6.2,1.4,18.7,10.1,54.9
211,1.1,0.6,2.2,0,5.9,3.8,0.7,20.3,11.1,54.3
212,1.1,1.2,1.4,0.2,6.5,4,0.8,20.4,10.3,54.1
213,0.5,1.2,1.4,0.2,6.6,3.1,1.1,22.6,9.2,54.1
214,0.9,1.5,0.5,0.2,6.6,2.9,0.6,23.8,8,55
215,0,2.6,0.9,1.4,5.3,2.4,1,21.4,9.4,55.6
216,1.3,4,1.5,0.8,3.4,1.5,1.4,18.4,10,57.7
217,0.8,4.3,2.7,1.1,2.3,0.4,1.2,17,10.6,59.6
218,1.5,5.3,2.7,0.9,2.8,0.6,0.9,16,9.7,59.6
219,1.9,6,2.6,0.7,2.5,0.8,2.5,15.7,8.2,59.1
220,1.8,6,1.6,0.5,3.5,1.2,2.9,18.5,5.1,58.9
221,2,5.2,0.7,0.6,4.6,1.7,2.7,20.1,2.6,59.8
222,2.7,3.9,0.6,0.7,5.2,1.8,2.6,20.2,2.1,60.2
223,2.3,1.7,2.7,1,4.6,1.7,1.9,18.8,3.6,61.7
224,1.7,2.9,3.1,0.7,3.1,1.4,1.5,17.6,5.3,62.7
225,1.9,2.4,3.3,0.2,1.9,1.5,2,16.3,6.6,63.9
226,0.8,2.6,4.1,0.9,2,2.7,2.2,14.4,7,63.3
227,1,2.3,3.4,0.9,2.8,1.8,1.6,13.5,8.1,64.6
228,1.1,1.8,3.1,0.2,3.7,1.2,3,13.8,7.8,64.3
229,0.9,1.8,2.7,1,2.7,1.3,3.8,14.4,7.4,64
230,0.5,2.2,2.8,1.5,1.5,1.4,4.3,14.1,7.5,64.2
231,0.1,1.9,1.9,0.5,1.4,1.8,4.1,14.8,10.4,63.1
232,0.7,1.9,1.5,0.6,1.2,1.8,3.5,12.6,12.2,64
233,0.8,1.7,0.9,0.7,1.1,1.5,4.9,13.5,11.6,63.3
234,0.8,1.9,0.5,0.8,0.6,1.5,6.5,12.8,13,61.6
235,0,2.5,0.5,0.3,0.8,1.5,7.7,13.5,13.2,60
236,0,2.6,0.6,0.3,1.4,1.2,6.3,13.8,14.1,59.7
237,0,3.1,0.5,1.2,1.8,1.5,5.5,13.7,13.5,59.2
238,0.8,2.8,0.4,2.2,1.8,1.3,4.8,12.2,13.2,60.5
239,0,2.6,0.5,0.7,1.4,1.4,4.5,14.9,13.9,60.1
240,0.8,2.3,1.2,1,1.3,0.8,3.3,15.3,14.1,59.9
241,0.2,2.3,0.9,0.7,1.8,1.4,2.4,15,14.4,60.9
242,1.2,2.5,0,0.9,2.5,1.1,3.2,13.5,15,60.1
243,0.1,2.3,0.2,1.5,2.8,1.3,3.4,13.9,15.9,58.6
244,0.2,1.7,0.3,1.7,2.2,1.6,3.7,14.5,15.6,58.5
245,0.1,1.6,0.1,0.8,2,2.7,4.1,13.6,15.9,59.1
246,0,1.6,0.1,1.4,2.1,2,3.5,13.4,15.9,60
247,0.1,1.7,0.1,1.7,2,2.4,2.9,13.8,15.9,59.4
248,0.1,1,0.7,2.1,2.3,2.6,3,12,15.5,60.7
249,1,0,1.1,1.2,2.1,3.6,2.9,10.3,16.5,61.3
250,0.4,0.4,0.8,1,3,4,2.9,9,16.4,62.1
251,0.8,0.2,0.8,0.7,3,3.8,2.3,7.9,17.6,62.9
252,0.6,0,0.4,0.3,2.4,3.7,1.6,8.2,19.1,63.7
253,0.4,0.1,0,0.7,2.7,4.1,1.1,8.6,18.2,64.1
254,0.4,0.1,0,1.1,2.7,3.7,0.7,10.1,16.9,64.3
255,1.8,0.2,0,0.2,2.2,4.6,0.6,9,17.1,64.3
256,0.6,0.6,0,0.9,1.9,4.6,0.6,8,16.7,66.1
257,1.3,1.2,0.4,0,1.9,4.1,0.9,6.5,16.2,67.5
258,1.3,1.7,1.1,0.1,3,4.1,0.9,4.6,17.5,65.7
259,1.8,1,0.5,0.2,4.1,3.7,1.9,4.8,17.8,64.2
260,1.4,2.1,0.4,0.2,5.1,4.2,2.1,5.9,16.6,62
261,0.4,1.5,0.8,0.1,5.1,4.7,3,5.6,16.5,62.3
262,0.9,1.4,2,0.1,2.7,6.4,2.1,4.4,15.2,64.8
263,0.9,1.6,2.4,1.3,0.3,6.8,2,2.5,14.1,68.1
264,0.6,2.2,1.8,1.5,0.3,7.1,1.9,2.9,11.1,70.6
265,0.2,2.1,1.4,3.2,0.4,6.3,2.2,2,11.3,70.9
266,0.4,2.1,0.6,3.3,0.6,7.1,2,2.2,13.3,68.4
267,0.6,1.9,0.6,1.8,1.2,7.5,1.9,3.4,14.7,66.4
268,1.7,0.8,0.8,1.2,1,8.6,1.9,4.6,15.9,63.5
269,3.1,0.2,1.5,1.4,1.8,8,3.4,6.3,15.9,58.4
270,3.2,0.3,2,0.5,2.3,7.3,3.8,6.8,16.1,57.7
271,3.3,0.1,0.9,0.5,3.8,6,3.9,7.7,16.7,57.1
272,3.9,0.5,0.8,0.7,5.6,3.1,4.4,8.5,15.9,56.6
273,4.2,0.1,0.8,1.7,4.6,2.5,4.9,9.2,15.3,56.7
274,4.2,0.3,1.3,2,4.2,3.9,6,5.9,17.1,55.1
275,3.5,0.4,0.4,2.5,4.4,4,6.9,4.5,19.6,53.8
276,4.2,0.6,1.2,1.9,4.7,4.8,6.3,2.6,21.5,52.2
277,4.1,0.5,1.2,1.7,4.1,3.9,5.9,2.4,22.4,53.8
278,2.8,0.6,1.2,1.9,3.9,3.9,5.5,2.8,23.5,53.9
279,3.9,0.5,1.6,2.5,2.9,2.4,5.8,3.2,24.7,52.5
280,3.8,1.5,1.3,2.2,2.7,2.4,7.7,3.8,22.4,52.2
281,4.4,1.3,0.3,1.9,2.7,2.7,6.2,5.4,22.6,52.5
282,3.6,1.5,0,1.3,2,1.8,6.9,6.3,21.5,55.1
283,1.6,1.6,0,1.4,2.2,1.8,6.9,8.6,20.2,55.7
284,1.8,1.6,0.1,0.8,3.3,2.4,5.8,9.9,19.1,55.2
285,1.1,1,0.4,1,4,3,5,9.5,20.7,54.3
286,0.6,0.6,0.5,0.9,4.2,1.9,5.2,9.7,20.6,55.8
287,0.6,0.4,0.6,0.8,1.6,3.1,3.2,11.4,21.8,56.5
288,0.7,0.5,1.2,0.7,0,2.7,0.7,13.4,23.2,56.9
289,0.4,1.8,0.4,0.8,0.8,2.4,1.2,13.1,21.4,57.7
290,0.4,0.7,1.2,0.9,0.8,2.4,1.6,11.7,22.1,58.2
291,0.8,0,0.7,0.8,2.1,2.2,1.8,8.4,24.6,58.6
292,0.6,0.1,1.1,0.5,2.2,1.9,1.8,5.9,26.9,59
293,1.6,0.1,0.8,0.3,1.2,2.2,2,4.6,27.7,59.5
294,1,0.1,0.4,0.4,1.2,2.3,2.4,2.3,29.9,60
295,0.9,0.1,0.4,0.8,0.8,1.9,3.2,0.9,31,60
296,1.8,0,0.4,0.5,0.7,2,3.8,0.5,31.5,58.8
297,2.7,0,0.8,1.2,0.7,2,4.5,1.9,30,56.2
298,2.3,0,0.8,1.6,0.7,3,4.6,3.3,27.4,56.3
299,3.4,0,1.3,1.7,0,3.9,5.9,3.8,22.3,57.7
300,3.7,0,1.6,1.9,0,3.1,6.7,5.8,18.6,58.6
301,4.8,0,3.1,1.7,0.7,3,8,6.8,10.9,61
302,4.4,0,4.2,2.5,0.5,2.7,8.8,7.5,7.1,62.3
303,5.1,0,5.7,3.3,0,3.7,9.2,6.9,4.6,61.5
304,5.6,0,5.8,4.2,0,3.9,9,7.6,3.5,60.4
305,6.4,0.1,5.5,5.4,0.8,4.3,9.5,7.8,4.3,55.9
306,6.5,0,5.7,7,0.1,5.3,10.5,7.2,5.4,52.3
307,4.7,0,6,7.7,0.4,5.6,10.5,7.4,6.7,51
308,1.8,0,5.1,7.6,3.2,5.9,10.2,6.8,5.8,53.6
309,2,0,3.9,9.2,2.9,5.3,8.8,9.2,5.1,53.6
310,1.7,0,3.1,10.2,3.2,7.3,8,9.5,5,52
311,2.8,0.3,2.8,8.6,3.9,8,9.5,10.2,3.5,50.4
312,2.1,0.3,2.1,10.1,3.5,7.8,11.7,9.2,6.1,47.1
313,1.4,0.3,4.8,8.3,5,9.7,12.1,9.2,7.9,41.3
314,1.1,0.3,5.7,6.3,6.4,11.3,12.3,11.6,10.3,34.7
315,2,0.3,5.5,4,6.9,12.2,12.9,13.8,13.3,29.1
316,2.5,1,6,1.8,8.3,14.7,12.7,16,14.6,22.4
317,2.4,1.1,5.8,0.7,8.1,14.2,15.7,18,15.5,18.5
318,2.6,0.1,5,1.2,10.1,14.3,15.6,16.3,15.5,19.3
319,1.9,0.2,5.8,1.9,9.2,13.5,15.8,16.5,15.1,20.1
320,2,1.3,7,2.4,8.4,12.2,15.8,17,15.4,18.5
321,3.1,1.2,8.8,1.4,6,11,16,17.5,15.6,19.4
322,4.6,1.4,9.2,1.8,5.7,10.3,15.3,16.1,14.9,20.7
323,5.8,0.6,9.8,3.2,6.2,9.2,15,15,14.7,20.5
324,3.2,0.8,7.3,3.8,7.1,10.6,18.3,14.6,12.9,21.4
325,2.9,1.4,7.4,3.5,7.6,10.5,19.5,15.5,10.9,20.8
326,3.3,0.6,7.8,4,6.2,10.1,19.4,16.5,12.1,20
327,1.2,0,7.2,4.1,6.7,9.4,21.3,16.9,13.7,19.5
328,0.9,0.1,7.7,2.5,6.7,8.6,21.3,16.7,13.6,21.9
329,1.8,0.1,5.3,2.8,7.2,10.7,22.1,13.9,12.4,23.7
330,2.1,0.9,3.9,3.4,6.9,11.9,18.6,14.2,12.2,25.9
331,0.5,1.4,4,3.7,6.5,13.2,16,13.4,13.3,28
332,1.4,1.7,2.7,4.8,6.8,13.1,13.8,12.6,14.1,29
333,1,0.8,1,5.8,7.7,12.8,13.2,12.7,15.1,29.9
334,0.6,0.5,0.7,6.2,6.7,11.9,15.3,13.8,16.7,27.6
335,0.6,0.5,0,6.4,3.9,12.4,15.3,13.4,18.5,29
336,0.6,0,0.9,5.5,3.4,11.1,14.8,14.9,19.1,29.7
337,0.6,2,2.5,5.5,2.5,10.9,13.1,15.2,19.9,27.8
338,1.2,1.9,1.9,5.6,3,10.9,13.6,16.1,19.6,26.2
339,1.2,2.3,2.1,6,4.5,9.7,14.4,16.3,20.1,23.4
340,1.6,1.4,2.3,8.4,4.2,10.9,16,15.5,19.8,19.9
341,1.4,2.1,3.2,6,4.6,11.1,17.3,14.6,19.9,19.8
342,1.8,1.7,3.4,4.7,4.8,9.6,16.5,15.2,21,21.3
343,1.2,1.3,2.6,1.6,3.4,12,15.8,15.8,21.1,25.2
344,1.2,1.3,2.7,0.6,3.4,10.8,14.3,15.1,22.1,28.5
345,1.8,1.7,1.5,0,4.6,10,13.3,15.6,24.3,27.2
346,0.8,1.7,1.3,0.4,4.2,10.9,11.4,16.5,25.8,27
347,0,2.4,1.1,0.9,3.2,11,9.4,15.4,27.9,28.7
348,0,1.2,1.2,1.2,3.8,10.2,9.7,15.4,27.1,30.2
349,0,1.6,1.8,1.7,3.4,10.4,11.4,14.1,25.3,30.3
350,0.9,1.8,2.6,3,4.6,10.4,13.1,14.3,19.7,29.6
351,0,2.3,2.8,3.9,5.6,10,14.4,12.7,18.6,29.7
352,0.5,3.5,3,3.9,7.2,7.7,19.4,12.6,14,28.2
353,0.5,3.5,3.7,3.7,5.7,5.6,20.9,14.2,14.5,27.7
354,0.5,4.4,2.6,3.3,6,5.3,20.4,14.7,14.2,28.6
355,0.6,4.3,3.4,3.4,6,4.3,19.4,14.1,15.6,28.9
356,1.5,4.5,2.9,5.2,6.8,2.4,22.2,15.6,11.2,27.7
357,0.3,5.2,4.2,5.6,7,0.6,24.9,16.8,9.9,25.5
358,0.3,4.6,3.3,6.5,8.1,0.2,25.9,17.4,7.5,26.2
359,0,5.3,1.9,6.4,6.5,1,26.5,16.7,9.3,26.4
360,0,4.2,1.6,5.6,7.5,0.9,25.5,17.9,11.7,25.1
361,0,5,2.1,4.3,9.9,1.3,25,17.3,11.6,23.5
362,0,4.4,2.3,4,11.8,0.6,25.2,17.2,10,24.5
363,0.5,3.4,2.8,4.3,12.7,0.8,25.3,14,12.6,23.6
364,1.6,2.7,3.5,3.7,13,0.9,25.9,10.6,15.8,22.3
365,1.2,2,3.8,4.3,14.9,0.8,24,10.1,15.8,23.1
366,0,4,2.5,3.6,13.7,0.9,25.6,10.5,16.2,23
367,0.8,4.2,2.1,4.9,10.9,0.8,25.6,11.5,15.4,23.8
368,1.6,1.9,3.5,3,14,1.2,27,8.5,19.9,19.4
369,1,2.6,3.6,3,14,1.6,25.5,10.1,17.8,20.8
370,2.4,4.7,3.2,4.2,11.5,1.9,24.5,12.8,12.6,22.2
371,3.2,3.7,3.1,3.7,9.6,2.9,22.5,13.9,10.2,27.2
372,2.4,4.4,2.5,3.8,6.6,1.4,26.5,15.8,11.3,25.3
373,0.6,6.9,2.1,4.5,3.2,2,28.7,15.4,10.7,25.9
374,0.6,6.7,4.3,2.4,3,2.4,25.4,16.1,11.8,27.3
375,0.2,7.4,4.5,2.1,3.4,2.6,23.9,15.2,12.7,28
376,1.1,5.8,5,1.7,3.6,3.1,22.7,13.8,12.9,30.3
377,1.7,4.7,5.3,1,4.5,3.2,21.9,13.6,13.5,30.6
378,1.7,5.7,4.3,2,4,3.3,19,13.4,14,32.6
379,1.1,5.4,3.3,2.4,4.5,3.6,19.9,12.1,14.3,33.4
380,1.6,4.4,2.5,2.6,6.9,4.2,17.8,11.5,13.7,34.8
381,1.1,1.3,1.7,2.9,7.5,4.8,18.6,11.5,14.1,36.5
382,2.1,0.6,1.1,3.1,8.2,5.6,17.7,10.8,14.1,36.7
383,0.7,0.9,1.1,2.3,8.9,5.1,17,12.2,15.1,36.7
384,0.4,0.9,1.1,3.1,10.5,4.5,15.1,11.4,15.4,37.6
385,0.8,0.5,1.6,2.8,8.2,4.3,14.6,11.2,17.3,38.7
386,0.6,0.5,2,2.8,9.5,3,12.7,11.6,18.6,38.7
387,0.9,0.5,1.7,2.9,8.7,3.3,11.5,11.6,18.4,40.5
388,0.7,0.5,2.4,2.9,6.1,1.5,12.9,11.5,18.5,43
389,0,1.5,1.1,2.1,8.3,2.4,11.9,11.7,18.7,42.3
390,0,0.5,0.2,2.3,7.4,5,10.8,11.6,19.3,42.9
391,1.3,0,1,3.4,7.7,4.9,8.8,11.2,19,42.7
392,0,0,1,4.4,8.1,5.9,6.7,13.4,19.4,41.1
393,0.7,0,0.4,5.2,10,6.8,6.9,13.1,20.2,36.7
394,0.2,0,0.4,4.7,10.4,8.7,8.9,12.1,21.3,33.3
395,1,0,0,4.3,11.5,6.7,12.2,13.7,20.3,30.3
396,0.8,1.2,0,4.3,11.7,6.2,15,14,21,25.8
397,1.5,1,0,3.7,12.9,5.6,15.8,12.6,21.2,25.7
398,2.1,1,0.6,3.2,11.1,4.1,13.7,15.8,21.9,26.5
399,1.3,0.3,1.7,3.3,10.1,4.1,13.3,16.9,21.6,27.4
400,1.5,0.6,1.5,4,9,4.8,14.7,14.4,21.8,27.7
401,3.4,0.9,1.2,2.7,8.7,5.8,12.3,13.1,23.3,28.6
402,4.9,2,0.9,1.9,6.8,7.7,9.8,11.4,23.2,31.4
403,4.2,2.1,1.2,1.9,7.3,8.6,7.7,9.8,22.9,34.3
404,2.5,1.1,2.7,1.5,6.5,6.6,8.3,10.9,23.6,36.3
405,2.6,1.2,1.7,1,8.7,5.9,8.5,9.6,23.5,37.3
406,2.9,1.4,1.4,2.8,8.2,7.7,7.4,7.4,23.3,37.5
407,3.3,1.3,1.2,3.1,7.7,9,9.2,4.7,22.7,37.8
408,4,2.3,1.2,2.5,8.7,9.9,8.3,4.7,21.8,36.6
409,3.6,1.4,2.7,2.3,6.2,8.6,6.7,6.4,23.6,38.5
410,2.7,1.5,2.9,2.6,3.7,8.9,7.9,7.7,22.9,39.2
411,2.6,1.3,2,1.2,2.7,6.1,8.1,11.3,23.3,41.4
412,1.6,1.1,1.5,1,1.9,6.2,9.8,11,24.4,41.5
413,2.8,0.7,1.5,2.4,2.1,8.8,11.4,7.3,20.2,42.8
414,3.1,0.5,1.6,4.3,2.7,10,12.1,3.3,16.7,45.7
415,1,0.2,0.3,5.1,2.5,9.9,13.6,5.5,16.2,45.7
416,0.7,0.4,1.5,2.4,2.4,9.8,14.2,5.3,15.8,47.5
417,0.4,0.6,2,2.9,3.6,8.6,13.7,3.1,17.3,47.8
418,0,0.9,0.5,3.7,4,5.1,14.6,4.4,17.7,49.1
419,0,1.5,1.5,5.8,2.5,3.6,12,6,19.2,47.9
420,0.3,2.1,2,6.1,3.6,2.4,7.4,7.3,20.8,48
421,1,1.1,1.9,5.9,4.2,1.7,3.3,7.1,25.5,48.3
422,0.5,0.4,1.6,5,4.4,1.6,3.2,8.2,26.1,49
423,0.6,0.8,1.1,5.4,4.4,2,2.3,7.6,26.4,49.4
424,0.6,0.4,0.7,5.5,5.4,3.4,3.1,4.9,27.3,48.7
425,0.6,0.7,0,7.7,4.2,2.8,2.2,4.9,28.4,48.5
426,0.3,1.2,0,7.3,2.4,4.4,2.9,2,30.7,48.8
427,0.2,0.9,0,7.7,2,2.4,3.2,2,31.7,49.9
428,0.2,0.9,0.1,7.9,2.6,2.1,2.3,2,32.5,49.4
429,0.1,0.4,0.7,8.9,0.9,2.4,1.7,1.5,33.7,49.7
430,1,1,0,7.6,0.5,1.9,2.7,2.6,33.4,49.3
431,0,1.3,0,7.1,0,1,3,3.2,34.4,50
432,0,2,0,5.4,0.2,1.3,2,5.3,33.4,50.4
433,0,1.8,0,3.7,0.2,1.3,2.3,4.6,35.7,50.4
434,0,1.1,0,5,0.2,0.6,2.7,4.1,36.3,50
435,0.5,1.6,0,4.7,0,0.6,1.9,3.2,36.4,51.1
436,0.7,1.2,0.5,4.1,0,0.8,2.1,1.9,38.3,50.4
437,0.7,1.1,0.3,2,0,1.2,2.9,2.2,40.4,49.2
438,0.7,0.8,0.3,1,0.3,1.1,3,2.5,41.4,48.9
439,0,0.8,0,1,0.1,3,3.2,3.1,41.2,47.6
440,0,1.3,0,0.3,1.5,3,3.6,3.8,40.1,46.4
441,0.3,1.8,0.1,0.3,2,4.6,3.9,4.4,39.6,43
442,0.7,2.5,1.2,0,2,6.4,5.3,5.2,38.9,37.8
443,0.5,2.8,1.4,0.6,0.9,6.8,7.1,6.3,39.6,34
444,0.1,2.3,1.6,0,1.3,8.1,6.7,6.2,41.9,31.8
445,0.1,1.5,0.7,0.7,1.3,6.4,8.2,6.8,42.8,31.5
446,0.5,1.7,0.6,0.4,1.7,6.3,8.3,7.4,41.2,31.9
447,0.7,1,0.6,0.6,2.1,5.4,7.8,6.8,42.4,32.6
448,0.5,1,0.5,1.2,1.8,6.1,6.4,5.4,42.7,34.4
449,0.6,1.4,0.3,1.8,2.2,7.7,3.5,4.6,42.6,35.3
450,0.3,1.7,0.6,2.1,2.4,7.9,4.1,2.9,41.4,36.6
451,1.6,2,0.8,2.1,2.3,9.2,3.7,2,39.1,37.2
452,2,1.8,1.1,2.1,1.5,9.5,5.7,2,37.1,37.2
453,0.9,1.7,1,1.7,1.5,9.6,6,1.1,38.8,37.7
454,0.7,3.5,1.4,1.9,2,8.7,5.6,1.2,38.5,36.5
455,0.4,2.5,1.6,1.9,2.5,8.8,5.8,1.4,37.5,37.6
456,0.9,1.4,1.5,1.6,3.9,7.5,5.4,2.4,37.6,37.8
457,1.3,0.9,2.8,2.2,4.1,3,4.6,0.7,38.5,41.9
458,0.6,0.6,2.2,2.2,4.3,3.2,5.4,1,36.7,43.8
459,1.6,0.4,1.5,2,4.7,1.6,5.3,1.7,36.6,44.6
460,1.8,0.4,1,1.5,5.4,1.6,4.8,2.1,35.8,45.6
461,1.9,0.4,0.8,2.5,4.2,2.7,5.3,2.5,34.7,45
462,0.3,0.6,0.6,3.7,4.2,4.1,4.2,1.9,33.7,46.7
463,0.1,0.6,0.5,3.4,4.9,3.9,5.5,2.1,31.6,47.4
464,0.1,0.9,0.1,3.2,3.1,4.5,5.2,2.4,31.4,49.1
465,0,0.6,0.2,2.8,3,4.8,4,4.1,30.9,49.6
466,1.1,0.4,0.8,2.5,2.7,3.8,2.6,4.9,31.2,50
467,1.1,1.3,0.6,2.6,2.8,2.9,1.6,5.5,31.4,50.2
468,1,3.7,1.8,2.7,3.5,1.5,1.2,4.1,31.8,48.7
469,1.2,2.9,0.9,2.6,2.9,1.9,1.3,4.9,30.4,51
470,1.2,1.7,0,2.1,3.4,2.2,1.3,6.4,31.3,50.4
471,0.9,2.5,0,2.2,2.2,2.6,1.7,5.6,32,50.3
472,0,2,0.2,2.8,1.8,3.7,1.1,4.7,33,50.7
473,0,2.1,0,2.9,1.7,4.4,1,4.8,32.3,50.8
474,0.8,2.1,0.2,2.2,1.5,4.3,0.5,3.5,34.4,50.5
475,0.2,2.6,0.2,2.5,1.7,4.6,0.6,3.7,34.4,49.5
476,0.3,1.8,0.4,0.8,2.8,5,1.1,3.8,32.7,51.3
477,1.2,1.2,1.1,1.2,2.4,5.1,0.8,4,31.7,51.3
478,1.5,1.1,1.1,1.4,3.4,4.6,0.9,5.6,30.3,50.1
479,0.4,0.9,0.7,1.5,3.9,4,1.3,7.4,31.3,48.6
480,0.6,0.4,0.7,0.9,3.1,3.8,2.1,9.9,33.7,44.8
481,0.4,0.9,0.7,0.4,4.1,3.4,2.1,11.3,34.7,42
482,0.4,1.5,0.8,0.4,3,2.4,2.7,13.5,37,38.3
483,1.1,1.6,0.1,0.3,3,1,3.4,14.7,39.8,35
484,0.2,1.8,0,1,2.2,2,3.2,14.9,40.1,34.6
485,0.2,1.2,0.4,2.4,2.8,1.1,3.1,16.5,37.9,34.4
486,1.3,1,0.4,2.2,2.6,1.6,3.7,16.4,37.7,33.1
487,0.4,0.7,0.8,1.9,2.8,2,2.9,18.2,38,32.3
488,0.6,0.8,0.6,0.6,3,1.7,2.7,18.2,38,33.8
489,0.8,1.3,0.4,1.4,2.7,2,1.8,19.5,34.9,35.2
490,0.7,1.3,0.3,1.7,2.6,2,1.8,20.9,32.5,36.2
491,0.7,1.2,0.2,2.7,2.2,3,3.1,22.1,29.7,35.1
492,0.4,1.4,0.2,2,2.6,3.7,2.8,23,29.8,34.1
493,0.4,1.2,0.4,0.8,3.1,4.5,2.2,24.2,29.8,33.4
494,0.2,1.4,0.4,0.3,3.6,6.9,2.6,21.3,32.2,31.1
495,0,1.9,0,1.3,3.2,7.3,2.8,19.4,31.6,32.5
496,0.8,1.3,0.3,0,3.2,10.7,3.6,15.6,31.4,33.1
497,2.1,0,0.3,0.1,2.8,11.9,4.2,15.2,28,35.4
498,2,0,0.6,0.7,3.2,12.2,4.8,13.3,27.7,35.5
499,1,0,1.1,0.8,3.2,12.3,4.6,9.9,28.6,38.5
500,0.5,0.3,0.6,0.4,2.8,13.6,5.4,8.3,28.1,40
501,1,0.7,1.1,0.1,2.4,13.2,6.5,8.1,26.4,40.5
502,0.5,0.7,0.6,2.2,1.4,12.7,7,7.5,26,41.4
503,0.7,1,0,1.6,3.3,12.7,6.6,8,25.9,40.2
504,0.9,0.7,0.8,1.9,3.9,10.7,6.7,7.3,26.1,41
505,0.7,0.7,0.7,1.2,3,10.9,8.5,8.7,25,40.6
506,0.6,0.6,0.8,1.2,3.4,11.7,6,6.3,28.3,41.1
507,1.5,0.8,0.8,1.7,3.4,12.3,4.2,4.6,29,41.7
508,0.4,1.7,0.7,2.5,4.1,11.1,4.1,4.3,28.8,42.3
509,0.4,1.2,0.9,2.9,5,9.6,4.1,4,28.2,43.7
510,0.4,0.8,0.8,3.1,5.1,10.7,5.4,3.1,27.4,43.2
511,0.7,0.7,1.1,3.3,4.3,9.9,4,3,27.6,45.4
512,0.3,0.9,1.5,2.9,4.9,11.4,3.8,2.9,25.6,45.8
513,0.2,0.7,0.9,2.7,4.6,13,2.5,3.8,24.9,46.7
514,0.2,1.1,1.5,2.5,5.4,14.6,2.8,5,23.7,43.2
515,0.2,1.9,0.9,2.6,6,15.6,2.6,6.4,23.6,40.2
516,0.4,2.3,0.7,2.6,5.1,16.3,3.3,6.6,23.2,39.5
517,0,2.3,2.2,1.8,7,16,3.5,8.6,21.2,37.4
518,0.4,2.3,3.2,2.5,4.1,15,3.9,9.5,23.1,36
519,0.4,2.6,3.7,2,3.4,14.1,4.8,7.8,22.7,38.5
520,0.4,2.5,2.9,2.8,2.7,13.6,5.5,6.8,23.6,39.2
521,0.1,3.1,2,2.4,3,11.9,6.3,9.3,24.5,37.4
522,0.9,2.3,1.6,1.5,2.1,8.8,8.4,11.2,23.9,39.3
523,1.1,1,1.3,0.4,1.4,9.1,8.7,13.1,24.4,39.5
524,0.2,1.6,0.8,0.4,0.9,8.3,9.2,14.6,24.4,39.6
525,0.1,2.1,0.8,0.6,1.2,9.2,7.9,12.4,26.5,39.2
526,2.2,2.3,0.5,0.4,1.8,9.6,7.5,11.6,25.7,38.4
527,1.2,1.9,0.5,1.2,2.1,9,7.6,10.6,27,38.9
528,1.3,0.9,0.5,1.8,1.4,6.9,8.2,12.7,26.6,39.7
529,0.1,0.9,0.3,2.1,1.4,6.1,9.4,12.7,26.4,40.6
530,0.9,1.6,0.4,2.6,2,6.7,8.1,11.4,26,40.3
531,0.1,0.6,0.7,2.1,2.6,6.4,7.8,14.2,23.1,42.4
532,0.1,1.2,1.1,2.2,3.8,4.9,6.1,17,19,44.6
533,0.7,2.1,2.4,1.8,4.4,3.7,5.3,20.3,16.6,42.7
534,1.3,2.3,2.4,0.4,6.1,1.4,2.8,23.2,13.2,46.9
535,1,1.5,1.7,0.7,5.8,1.9,2.6,23.5,14.4,46.9
536,0.1,0.3,2.5,1,5.7,2.8,3.5,21.2,15.5,47.4
537,0,0.3,2.8,1.9,6.7,4.6,4.2,18,15.4,46.1
538,0,0.6,2.7,2.6,5.4,5,3.3,19.1,14.5,46.8
539,0,0.9,2.1,2.5,5.4,5.6,2.4,18.7,13.8,48.6
540,0.3,1.5,2.5,4,4.4,6.2,3.1,16.4,16.2,45.4
541,1.6,2.4,2.4,4.1,5.3,7.4,4.5,12.1,21.7,38.5
542,1.9,3.1,1.3,4.8,6.3,9.3,6.6,8.9,24.2,33.6
543,1.9,3.1,0.7,6.4,7.1,7.9,8.9,6.5,28.2,29.3
544,1.9,2.4,1.4,7.7,6.6,6.7,8.8,7,27,30.5
545,3.9,1.9,0.4,10.2,6.9,6.4,9.5,4.1,29.7,27
546,1,1.6,1.2,12.1,6.3,6,8.3,7.3,30.2,26
547,0.7,2.7,1.7,12.6,5.4,4.9,7.2,7.5,31.7,25.6
548,0.7,2.3,1.4,12.7,5.7,5.1,8,6.1,31,27
549,0.9,2.2,0.9,14.1,5.1,5.2,8,2.8,31.7,29.1
550,1.6,2.3,1.6,15.7,3.9,4.8,7.9,3.4,31.6,27.2
551,0.9,1.4,0.1,14.2,4.6,5,9.3,3.6,30.1,30.8
552,0.9,0.8,1.1,14.4,3.5,2.9,9.2,1.7,32.7,32.8
553,1.7,0.3,1,14,2.7,2.5,7.7,1.9,34.4,33.8
554,3.3,0.4,1,14.6,3.5,2,8,2.1,35.6,29.5
555,2.5,1.1,1.6,14.4,2.8,2,8.5,2.6,36.1,28.4
556,4.1,1.3,1.7,15.2,3.6,1.5,8.7,3.1,39.5,21.3
557,5,1.7,1.9,14.8,4.8,1.5,9,3.3,41.3,16.7
558,3.2,2.8,1.9,13.8,4.7,3,8.5,4,38.4,19.7
559,1.6,3.6,1.6,13.5,4.9,4.1,11.3,3.2,31.4,24.8
560,1.2,2.9,1,15.1,5.7,4.2,13.5,2.1,26.1,28.2
561,0.5,1.2,0,16.1,7.1,4.7,16,1.4,20.6,32.4
562,0.9,0.9,0,14.3,8.6,4.6,14.7,1.7,20.8,33.5
563,0,1.9,0,15.3,8.5,3,14.4,2,20.5,34.4
564,0.8,0.9,0,13.4,8.8,4.1,12.2,2.2,23.2,34.4
565,0,0.9,0,12.7,7.2,5.1,10.2,1.7,25.6,36.6
566,0.7,0.9,0,12.1,4.1,7.1,8.6,1.2,26.6,38.7
567,0.9,0.6,0,10.3,4.5,7,9.4,1.3,26.1,39.9
568,0.9,1.2,0.7,9.8,3.7,5.6,10.9,1.6,25.1,40.5
569,0.9,1.7,0.7,7.3,4.5,5.1,11.8,2.2,24.1,41.7
570,0,1.7,0,4.7,4.6,7.3,10.7,2.8,25.9,42.3
571,1,2,0,3.7,5.3,5.8,12.2,4.2,22.8,43
572,1.5,1.8,0,4.7,4.4,7,8.3,4.3,25,43
573,1.5,0.6,0.5,5.2,3.3,7.5,5.8,4.2,26.6,44.8
574,0.7,0.6,0,5.1,2.9,9.5,5.9,4.1,26.8,44.4
575,0,1.5,0,5.5,0.7,11.4,3.7,4,26.9,46.3
576,0,0.2,0.7,4.1,1.8,12.9,5,3.6,26.9,44.8
577,0,0.4,1.1,3.5,1.9,14.2,6.7,3.6,27.6,41
578,0,0.6,2.3,2.2,2.6,13.8,8.7,3.7,27.8,38.3
579,1,0.6,1.2,1.1,4,13.3,10.3,5.4,24.6,38.5
580,0.4,0.7,1.6,1.3,5,12.9,9,6.2,24.4,38.5
581,0.4,1.2,1.4,1.3,5.7,12.9,10.2,8,23.4,35.5
582,0.8,1.1,1.4,2.2,6.1,13.4,8.1,8,23.2,35.7
583,0,0.3,1.7,3.8,8.5,11.1,5.9,8.6,21.3,38.8
584,0.2,0,1.8,5.2,9.6,10,3.1,8.9,19.4,41.8
585,0.6,1.4,1.2,5.4,9.6,10.7,2.1,8.3,19.8,40.9
586,1,1.1,0.9,4.9,10.2,10.6,2.5,8.8,20,40
587,1,1.2,0.2,5.1,8.6,10.1,4,7.7,20.3,41.8
588,0,2,0.6,4.9,10.6,8,5.2,7.7,20,41
589,0,2.8,1.9,3.4,10.1,6.8,6.1,8.1,19.6,41.2
590,0,2.8,2.7,3.3,6.4,6.7,6.8,8.9,21.9,40.5
591,0.2,2,2.6,3.8,4,7.1,7.7,10.2,24,38.4
592,0.7,1,2.5,6.9,4,9.1,5.4,10.4,21.2,38.8
593,0,0.9,1.3,6.9,5.2,10.6,5.7,9.9,21,38.5
594,0,1.6,1.1,7.1,5,11.3,5.7,9.4,17.8,41
595,0.2,0,2.4,6.1,4.4,12.6,4.4,10.9,16.7,42.3
596,0.9,0,2.5,4.1,4.3,13.5,3.3,12.3,17.6,41.5
597,0.9,0.7,2.9,2.9,4.5,12.9,1.9,13.3,17.8,42.2
598,1.5,0.7,1.6,2.1,4.5,9,1.9,16.7,19.5,42.5
599,1.8,1.9,1.6,1.8,2.9,6.6,2.8,17.3,20,43.3
600,1.1,1.9,1.9,1.2,3.2,5.9,2,16,21.3,45.5
601,1.2,4.1,2.6,1,4.7,5,1.3,13,21.1,46
602,0.9,3,3.5,1,5.2,4.8,2.2,11.9,21.4,46.1
603,1,5.4,3,2.1,3.4,4.7,1.9,10.1,22.5,45.9
604,0.5,5.8,2.8,1.9,4.1,5.9,2,8.5,22.9,45.6
605,0.4,5.6,4.1,1.7,2.7,6,2.8,8.5,22.5,45.7
606,1.4,6.2,3.4,1.6,0.6,5.6,2.6,8.6,24.1,45.9
607,0.4,6.2,4.2,2.2,0.9,4.9,2.7,8.5,24,46
608,0,5.5,4.5,2.1,0.5,5.8,4.3,8.7,24,44.6
609,0,3.6,5.3,1.5,0.9,5.3,4.8,8.9,25.2,44.5
610,0.6,5.7,3.8,0.9,0.4,4.7,3.6,9.1,25.9,45.3
611,1.5,5.6,2.7,0.1,1.3,4.7,2.8,11.6,24.4,45.3
612,1.5,5.6,2.4,1,1.3,4.1,3.2,13.1,25.3,42.5
613,0,5.5,3.2,1.6,1.4,4.4,4.7,14.7,24.2,40.3
614,0,4.1,4,1.1,1.3,4.4,4.4,13.8,25.7,41.2
615,0.7,4.9,1.9,1.9,1.3,5.6,3.7,16.3,21.5,42.2
616,0.4,5.4,1,1,1.2,5.6,3.2,15.9,21.9,44.4
617,0.4,4.8,1.4,2,1.2,5.5,2.4,14.4,20,47.9
618,0.9,3.8,1.9,2.4,0.3,6.4,2.6,14,18.4,49.3
619,1.5,2.6,2.4,3,0.5,7.5,2.2,14.3,14.8,51.2
620,1.4,3.1,1.8,3.7,0.5,8,2.1,15.4,10.4,53.6
621,1.9,2.2,0.7,2.9,0.7,8.4,1.5,17.7,10.5,53.5
622,2.1,1,1.6,3.3,0.2,7.5,1.2,18.1,11.5,53.5
623,2.8,0.4,1.4,2.6,0.8,6,1.3,18.8,9.9,56
624,2.3,0.9,1.2,1.6,0.6,5.1,1,18.6,11.7,57
625,2.3,0.1,1.2,1.1,1.5,4.6,2.1,19.7,12.2,55.2
626,2.8,0,0.2,1.7,2.6,4.1,2.1,20.4,11.4,54.7
627,2.2,0.4,0,2.3,2.6,2.8,1.9,20.9,12.6,54.3
628,2.5,1.6,0,2.2,2.8,2.6,2.1,20.5,13.1,52.6
629,2.2,1.2,0.3,2.9,2.9,2,2.3,20.1,13.6,52.5
630,1,1.4,0.5,3.3,5.7,1.2,1.9,20.2,14.3,50.5
631,0.9,0.7,1,2.8,6.2,1.1,1.9,18.9,15.3,51.2
632,1.1,0.9,1.5,2.4,4.6,1.5,2,17.9,17.6,50.5
633,0.7,0.9,1.2,1.9,3,2,1.8,19.2,17.4,51.9
634,1,1,1.4,2.3,0.3,2.7,1.6,20.8,17,51.9
635,1,1.7,1.4,2,0.2,2.1,2.4,20.2,17.9,51.1
636,1.5,1.4,0.5,1.7,0.4,2.7,2.8,21.1,16.4,51.5
637,0.9,1.6,0.6,2,0.3,3.5,2.8,21.4,14.9,52
638,1.4,1.2,0.7,3.5,0.3,3.6,2,21.8,14.3,51.2
639,1.1,2,1.1,2.7,0.3,3.2,2.5,22.2,14.2,50.7
640,1.6,1.8,1.5,2.8,1,3.7,3,23.2,13.4,48
641,0.6,0.6,2,2.9,1.2,4.2,3.4,24.2,12.9,48
642,0.5,0.5,1.9,2.1,1.4,5.1,3.9,24.8,12.9,46.9
643,0.3,0.6,2.1,3.3,2.1,3.2,3.9,24.4,14.4,45.7
644,0.9,0.5,1.7,2.6,2.4,3.7,4.5,24.8,14.3,44.6
645,0,1.6,2,3.2,2.5,3.3,3.6,25.7,13,45.1
646,0.8,1.2,3.5,2.8,1.9,3.7,4.9,24.8,11.7,44.7
647,0,1.7,3.8,2.3,2.9,3.2,4.7,24.4,11.4,45.6
648,0,1.7,3.8,3.1,3.6,3.3,5.7,26.3,7.3,45.2
649,0,2.5,4,2.5,3.1,2.5,7.2,27.6,9.4,41.2
650,0.4,2,3.5,3,2.4,3,5.4,28.2,9.6,42.5
651,0.4,3,3.7,2.7,2.3,2.8,6.6,28.7,12.6,37.2
652,0.4,0.8,3.2,2.6,2.3,3.3,6.1,30.7,11.8,38.8
653,0.4,0.8,3.6,3.8,1.9,3.4,6,31.8,13.2,35.1
654,0,0.1,4.2,3.4,2.1,4.1,5,31.1,10,40
655,0.9,0.6,3.5,2.8,2,3.6,6.1,32,12.4,36.1
656,0.9,1.3,2.9,3,2.2,4.6,4.7,32.9,8.1,39.4
657,0,0.9,2.2,3.9,2.3,5.5,4.9,31.1,3.7,45.5
658,1.2,0.6,2.2,4.5,2.8,7.2,6.8,27,1.6,46.1
659,1.2,0.6,1.6,5,4.9,8.2,9.7,22,2.3,44.5
660,1,0.7,2.3,4.1,6.7,8.8,13.1,19.9,3.9,39.5
661,1.9,1.2,3.5,3.7,7.8,11.1,14.2,15.7,4.7,36.2
662,0.9,1.1,3.6,3.7,7.4,11.3,15.3,16.6,3.9,36.2
663,0.5,2,4.2,3.6,7.9,11.7,14.5,15.7,3.9,36
664,0.4,1.5,3.7,3.7,8.4,12.6,13.8,15.4,5.1,35.4
665,0,0.8,3.8,3.6,7.8,12.9,15.8,15.2,4.9,35.2
666,0,1.2,3.7,2,9.5,15.7,14.6,13.8,3.4,36.1
667,0,1.2,3.7,1.8,11.4,17.4,13.2,9.4,3.9,38
668,0.9,1.2,4,2.2,8.6,19.8,14.5,7,2.4,39.4
669,0.3,1,3.7,2.3,8.7,20,15.8,5.4,3.2,39.6
670,0.3,1.5,2.4,2.4,7.9,18.8,16.4,5.3,3.6,41.4
671,0.1,1.3,3.3,1.8,5.7,18.4,18,5.1,3.9,42.4
672,1.1,0.8,3,3,5.3,15.1,18.4,7.3,5.4,40.6
673,1.7,0,0.9,3.5,5.2,14,20.2,9.5,6.9,38.1
674,1.6,0.5,0,3.5,6.1,14.7,18.9,12.1,7.2,35.4
675,2,1,0.4,4.3,5.2,15,18.2,12.4,7.2,34.3
676,0.9,1.7,1.3,3.5,4.8,15.8,18.5,11.2,6.1,36.2
677,2.2,0.7,0.4,3.2,5.5,16.5,18.4,10.7,7.2,35.2
678,1.4,0.6,0,3.7,4.7,13.4,18.7,13.4,8.8,35.3
679,1.6,2.3,0.4,3.6,4.3,12.3,15.3,15.2,11.3,33.7
680,1.1,1.5,0.8,4.9,5.4,12.3,14.4,16.8,12.6,30.2
681,1,2.3,0.8,3.2,7.5,13.6,14.7,17.7,11.8,27.4
682,0.5,2.2,0.8,4.2,9,12.1,13.9,18.1,13.4,25.8
683,0.5,1.7,2.4,4,11.3,12.3,11,18.7,14.3,23.8
684,1.3,0,1.1,3.7,13.1,11,10.1,19.2,15.6,24.9
685,2.4,0.3,1.7,3,13.4,9,10.2,18.6,14.5,26.9
686,1.8,0.3,0.6,2.8,13.4,11.1,11,18.4,13.7,26.9
687,2.7,0.1,0.7,3.5,12.3,12,12.5,17.7,10.2,28.3
688,1.3,0.7,1,4.6,10.8,12.2,10.5,19.1,12.5,27.3
689,2,0,0.1,5.6,9.8,9.5,7.8,21.6,14.7,28.9
690,2.4,1.2,0.1,5.4,10.4,8.4,7.3,20.6,13.6,30.6
691,2.9,1.1,0.1,4.9,10.7,9.2,8.5,19.6,12.3,30.7
692,3.8,1.7,0.3,5.2,12.8,8.6,8.2,17.2,9.4,32.8
693,3.9,1.6,0.3,5.2,11,5.9,8.5,17.5,12.5,33.6
694,4.4,2.2,0.4,4.9,10.3,6.4,8.1,17,12.9,33.4
695,3.8,1.7,0.3,4.4,11,7.8,9.1,17,11.2,33.7
696,5.5,1.8,0.7,4.2,11.4,6.6,9.5,14.8,12.3,33.2
697,6.5,2,1.6,4.3,10.9,4.7,9.6,12.8,12.6,35
698,7.6,1.7,2.3,3.8,11.4,5.2,10.8,10.7,9.3,37.2
699,7.3,1.6,0.5,3,11.2,6.2,11.6,13,10.1,35.5
700,6.9,0.2,0.3,2.1,6,8,14.1,17.5,11.8,33.1
701,7,0.5,0.4,2.4,3.4,9,13.7,20.2,12.3,31.1
702,3.4,0.8,0.2,2.3,2,11.2,14.2,23,13.9,29
703,1.9,0.8,0,2.8,0,14.3,16.7,23.4,14.2,25.9
704,1.8,0.4,0,2.8,0,13.8,17.2,24.2,15.1,24.7
705,0.3,0.9,0,3.1,0.2,17.1,17,24.5,12.8,24.1
706,0.2,1.2,0,2.8,0.2,17.1,16,24.5,12,26
707,1.2,2.2,0.7,4.5,0.5,14.8,14,23.3,11,27.8
708,1.2,1.3,0,5.6,1,14.4,15.4,19.8,12.9,28.4
709,1.2,0.8,0,4.3,0.3,13.9,16.1,19.4,13.2,30.8
710,1.5,1.2,0.5,3.8,0.6,13.2,14.8,20.2,14.6,29.6
711,1.6,3.1,0.2,5.2,1.8,12,10.1,21.9,15.9,28.2
712,1.6,2.9,1.5,5.1,3.2,12.8,9.1,21.6,15.6,26.6
713,0.3,2.2,1,4.7,3.7,11.7,7.5,22.8,19.2,26.9
714,1,3,1.2,5.4,3.9,9.8,5.5,22.5,21,26.7
715,1.7,2.7,0.4,4.9,3.9,7.3,6.3,23.3,23.5,26
716,1,2.9,1,4.7,4,8,6.5,24.1,23.5,24.3
717,1,2.6,1.1,4.1,3.7,8.3,6.3,23.8,25.7,23.4
718,0,1.6,1.3,3.7,3.4,7.7,5.8,27,30.6,18.9
719,0.3,2.1,1.3,4,2.9,7.3,7.4,28.3,31.3,15.1
720,0.1,2.2,1.6,3.9,4,7.8,7.9,28.9,31.3,12.3
721,0.4,1.9,1.2,3.6,3.8,8.1,9.3,30,29.6,12.1
722,0.3,1.2,1.1,3.5,3.6,7.6,9.6,32.3,28.4,12.4
723,0.3,0.9,0.9,3.6,2.2,7.5,9.9,31.3,28.4,15
724,0.3,1.8,1,3,2.3,6.7,9.2,33,28.2,14.5
725,0.6,1.5,1.7,2.3,2.6,6.4,9.9,34.2,28.5,12.3
726,0.8,1.5,1.6,1.5,2.9,4.6,11,33,29,14.1
727,0.6,0.2,1.4,1.8,3.5,3.3,11.9,34.9,26.5,15.9
728,1.3,0.3,1.2,1.6,3.3,2.3,8.9,35.7,27.8,17.6
729,1,0,1,1.7,2.4,3,6,37,29.7,18.2
730,1.1,0,0.6,1.8,1.7,3.5,4.6,36.5,30.5,19.7
731,0.6,0.4,1,1.6,1.7,4.4,3.9,37,29.9,19.5
732,0.6,1.2,0.8,1.4,1.9,3.2,5,37,30.3,18.6
733,0,0.5,0,1.4,1.2,2.1,7.2,39.8,31.1,16.7
734,0.5,2,0,1.4,1,1.8,7.4,39.1,32.9,13.9
735,0.5,0.8,0,1.2,1.5,1.3,9.3,38.4,34,13
736,0.5,0,0,2.7,1,1,11.2,41.6,35.1,6.9
737,0,0,0,1.7,1,0.5,12.3,43.6,35.3,5.6
738,0.4,0,0,1.4,1.5,0.4,12,43.2,35.7,5.4
739,1,0.2,0,1.4,1.6,0.8,11.8,42.6,34.2,6.4
740,0.7,0.4,0.3,1.4,1.6,2.5,9.7,41.5,35.6,6.3
741,0.8,0.2,0.3,0.3,0.4,3.7,9.8,44.1,36.6,3.8
742,0.8,0.9,0.4,0,0.5,3.3,9.7,45.9,35.6,2.9
743,0.8,0.6,0.6,0,1.8,2.3,11.8,45,31.4,5.7
744,0,0.9,1.8,1,0.9,1.2,12.3,45.6,29,7.3
745,1,0.4,2.2,0.7,1.1,0.8,13.9,45.5,26.7,7.7
746,1.3,0.5,1.5,1.5,1,0.8,13.8,46.8,24.8,8
747,1.2,0.2,2,1.8,0.7,0.4,14.3,46.5,22.6,10.3
748,0.6,0.2,1.6,1.6,0.9,0,16.2,49.1,19.4,10.4
749,0.6,0.2,0.6,2.4,0.8,0,16.8,49.5,19.9,9.2
750,1.5,0.7,0.8,3.4,1.3,0,17.3,46.8,18.6,9.6
751,1.6,1.6,1.2,2,3.2,0,16,42.8,19.5,12.1
752,2.7,1.1,1.4,1.9,2.7,1,13.1,40.7,20.5,14.9
753,2.8,1.1,1,2,3.2,0.4,10.6,39.1,22.1,17.7
754,2,1.9,0.6,2.8,4.4,0.6,8.1,40.2,20.3,19.1
755,2,2.6,1.6,1.3,5.2,1.7,5.3,41.2,20.6,18.5
756,1.8,2.4,1.2,1.3,3.5,2.5,5.2,40.4,22,19.7
757,1.5,1.9,2,1.8,3.2,2.1,6.4,40.4,21.1,19.6
758,0.9,0.9,0.5,2.2,4.3,2.5,6.6,40.3,21.3,20.5
759,1.5,0.9,0.4,1.9,3.7,3.8,7.2,39.4,22.1,19.1
760,2.4,0.5,0.8,0,4.2,5.5,5.3,42,22.2,17.1
761,2.2,1.1,1.2,0.2,3.9,6.1,6.1,42.6,23.4,13.2
762,0.9,0,1.6,0.2,3.7,8.8,5.5,44.8,23,11.5
763,1,0.4,1.4,0.2,4.2,6,6.1,45.1,22.7,12.9
764,1.7,0.5,1.2,0.2,3.7,3.9,4.4,45,24.9,14.5
765,0.9,0.5,1.2,0.2,3.5,3.4,6.1,46.7,24.6,12.9
766,0,0.5,1,0.4,4.3,4.6,7.3,44.9,23.6,13.4
767,0,0.6,0.6,0.8,2.5,3.6,7.3,44.8,23.4,16.4
768,0,0.9,0.4,0.8,2,2.3,4.3,46.9,24.5,17.9
769,0,1.9,1.5,0.3,1.5,1,6.4,48.5,23.1,15.8
770,0,3.2,1.8,1,2.4,1,8.2,48.5,19.4,14.5
771,0,3.5,2.1,0.8,2.8,0,11.3,49.2,16.1,14.2
772,1,4.5,1.2,1.3,3.7,0,13.7,49,13.3,12.3
773,1.7,3.5,1.4,2.2,2.5,0.3,11.7,48,15.9,12.8
774,2,3.2,1.4,4.1,3,0.6,11,47.2,15.8,11.7
775,2.7,2.6,1.2,2.1,3.1,2.6,12.5,47.9,15.9,9.4
776,2.2,1.8,0.8,2,2.6,2.9,10.5,47.8,17.6,11.8
777,2.2,2,0.4,0.7,2.5,2.6,8.8,47.2,21.3,12.3
778,2.3,1.6,0.4,1.1,2.9,3.1,8.8,48.4,19.7,11.7
779,2.6,1.4,0.2,2.4,4.6,1.8,7.7,48.8,20.8,9.7
780,1.7,1.5,0.8,2.7,4.3,1.5,7.2,50,20.9,9.4
781,1,1.6,1,4.4,3.1,2.2,5.5,48.5,21.4,11.3
782,1.3,1.3,2,4.1,2.5,2.3,3.9,47.9,22,12.7
783,1.9,1,2.6,5.3,1.9,1.5,4.7,45.7,22.7,12.7
784,3.8,0.2,4.2,4,1.4,1,3.8,44,25.1,12.5
785,2.8,0.7,4.2,3.6,2.1,1,5.2,41.9,24.8,13.7
786,2.8,0.9,4.8,3.3,3.2,0.5,5.4,43.4,20.8,14.9
787,1.6,1.1,3.4,2.3,4.3,2,6.5,43.6,21.3,13.9
788,2.3,1.3,4.9,1.9,2.5,1.5,3.5,40.9,25.4,15.8
789,2.7,2,4.1,2.2,2.2,1.5,3.1,38.4,25.2,18.6
790,2.7,3,4,2.5,1.8,1.5,3.7,38.6,21.8,20.4
791,3.1,2.5,3.5,2.2,2.1,1.9,4.1,39.5,20.7,20.4
792,3,2.5,4.3,2.5,0.3,2.1,4.7,37.1,18.1,25.4
793,2.5,2.7,5.6,2.9,1,2.1,5.3,35.8,16.5,25.6
794,2.7,1.7,6.8,3.1,0.4,2.3,6.1,36.4,19,21.5
795,2.1,1.1,6.4,3.1,0.1,3.1,7,36.8,21.9,18.4
796,1.5,1.1,5.8,3.4,0,2.6,6.9,37.4,26.6,14.7
797,0.5,0.2,2.9,4.3,0.5,1.9,6.5,39.6,29.6,14
798,0,0.4,4.1,5.2,0.5,1.3,5.1,37.3,29.3,16.8
799,0,0.9,6.1,7.4,0,1.9,7.8,30.4,24.1,21.4
800,1,2.3,8.8,8.5,0.3,1.7,8.1,23.8,17.8,27.7
801,1,2.4,10.6,9.2,0.5,1.9,8.7,19.5,15.8,30.4
802,1.4,4.2,12,11.4,0.9,2.9,10.2,12.7,10.3,34
803,2.2,2.7,14,11.7,1.4,3.9,9.8,10,9.1,35.2
804,0.8,3.2,14.6,10.9,1.4,4.8,11.6,10.1,10.2,32.4
805,0.8,1.8,14.9,9.6,0.4,5.4,13,11.2,10.8,32.1
806,0,1.6,15.2,8.3,0.4,4.6,14.5,10.3,12.6,32.5
807,1,1,14.8,8.4,0.4,5.9,14.7,9,12,32.8
808,1,1.4,15.3,8,0.5,5.2,15.2,6.9,13.5,33
809,1.1,1.4,15.1,6.6,0.9,6.3,14.9,7.6,12.5,33.6
810,1.1,1.6,13.8,9.1,2,4.6,14.9,9.8,9.5,33.6
811,1.1,1.6,13.2,10,2.5,3.9,15,9.5,9,34.2
812,0.6,2.1,12.4,8,1.4,5.1,15.3,10.2,8.9,36
813,1.2,0,13.6,9,1.8,2.7,15.4,10.9,8.3,37.1
814,0.6,1.3,11.5,9.6,3.1,2.7,13.8,11.8,7.8,37.8
815,0.6,0.5,9.6,8.3,3.6,3.3,15.5,13.3,7.1,38.2
816,0,1.3,7.4,7.9,3.2,3.5,17.2,13.8,8.2,37.5
817,0,1.9,3.8,7.6,3,2.7,21.2,13.4,7.9,38.5
818,1.1,1.9,2.7,8.5,4.3,2,22,11.5,6.8,39.2
819,0.7,1.2,2,7.9,5.1,2.3,22.1,12.5,6.6,39.6
820,0.1,2.3,2.7,8.8,5.3,0.9,21.7,12.8,4.8,40.6
821,0.9,2.2,1.4,7.4,5.8,0.9,22.6,12.1,4.8,41.9
822,0.9,1.4,1.2,7.7,5.6,0.3,24.7,12.7,1.6,43.9
823,0.9,1.1,1.8,7.8,4.9,0,23.2,14.7,1.1,44.5
824,1.6,1.5,2,7.6,3.5,0,21.9,15.8,0.2,45.9
825,2.4,2,1,7.4,3.7,0.1,22.1,14.4,0.6,46.3
826,1.5,1.3,1.8,7.5,1.9,0.9,20.3,16.5,1,47.3
827,1.2,0.5,2.2,7.1,1.1,1.8,17.6,18.2,1,49.3
828,1.4,1.1,2.2,8.3,0.8,1.8,17.4,18.5,0.6,47.9
829,2.2,1,1.6,8.8,1.3,1.1,16,17.8,0.8,49.4
830,1.5,0.6,1,9,0.6,0.3,17.6,18.5,1.5,49.4
831,1.4,0.4,2,8.1,0.5,0.3,17.6,18.4,2.6,48.7
832,1,0.4,1.5,9.1,0.7,0.4,17.6,19.7,1.4,48.2
833,1.1,0.7,1.6,9.2,1.2,0.6,14.6,20.1,1.1,49.8
834,1.4,0.6,1.2,8.4,2.4,1.5,10.9,23.8,1.1,48.7
835,2,1.8,1.3,7.4,3,1.7,8,22.7,0.4,51.7
836,2.6,2,2,7.7,2.8,1.4,8.3,18.7,0.1,54.4
837,1.8,2.3,2,8.7,2.4,2.4,10,16.3,0.2,53.9
838,2.2,2.5,2.3,9.1,3,2.4,8.2,15.8,0.3,54.2
839,1.7,2.9,0.8,8.7,3.2,3.7,8.6,14.9,0.5,55
840,1,2.4,0.4,9.7,2.9,4.4,9.7,12.8,1.3,55.4
841,1,2.3,0.9,8.8,2.9,4.7,8,14,1.7,55.7
842,0.4,3.7,0.7,8.1,3.2,5.4,6.3,15.4,1,55.8
843,0.1,4.1,0.9,7.6,3,6.4,4.8,15,1.5,56.6
844,0.2,4.5,1.6,6.1,4.4,6.1,3,15.6,2.6,55.9
845,1,4.9,1.8,5.7,4.2,6.3,1.8,14.9,3.5,55.9
846,0.9,3.7,1.8,5.1,6,5.4,2.2,15.4,4.6,54.9
847,1.2,4.8,1.1,3.8,7.1,4.6,0.8,17,4.3,55.3
848,0.9,3.1,0.8,6.4,7.6,5.8,0.9,14.1,4.7,55.7
849,0.5,2.7,0.6,6.4,8.2,6.8,1.5,11.7,6.3,55.3
850,0.4,2.5,0.7,7.3,9,7.5,2,8.2,7.7,54.7
851,0.6,2.5,1,6.8,7.8,6.9,1.9,9.7,8.1,54.7
852,0.5,2.7,1,8,6.4,6.1,1.7,11,8.3,54.3
853,0.6,1.4,0.8,6.7,5.9,7.3,1,12.2,9,55.1
854,1.4,1.4,0.8,5.9,3,9.5,0.9,15.3,6.5,55.3
855,2.5,0.2,1.2,3.4,3.6,12.6,0.9,17.1,4.5,54
856,1.4,1.2,1,3,4,13.4,0.8,15.4,6,53.8
857,2,2.1,1.4,2.8,3.2,12.2,0.8,14,7.6,53.9
858,2.3,2.5,1.6,2.9,2.2,10.2,0.5,13.2,7.7,56.9
859,1.9,2.7,2,2.9,2.4,9,1.2,11.4,9.8,56.7
860,2.6,2,1.8,4,2.4,7.8,1.8,12.7,10.1,54.8
861,1.1,0.3,1,3.1,1.5,8.7,2.4,12.9,10.1,58.9
862,0.6,0.2,2.1,2.2,1.3,6.6,2.9,13,9.8,61.3
863,0.2,0.7,2.4,2.4,1.5,5.5,2.9,14.2,8.9,61.3
864,0.6,0,2.4,2.9,1.9,6.7,2.2,13.5,9.3,60.5
865,0.2,1,4,3.9,1.7,4.3,1.8,13.5,10.7,58.9
866,0.7,1,4.7,3.2,1.7,3,1.4,14.8,11.1,58.4
867,0,1,3,2.9,2.3,3.3,1.8,15.6,10.6,59.5
868,0.7,1,3,2.4,2.3,3.3,2.5,17.1,11.1,56.6
869,0.9,1.1,3.3,1.7,1.2,4.9,3.1,16.8,10.7,56.3
870,0.2,0.4,2.7,1.2,1.8,4.8,4,15.8,10.3,58.8
871,0.2,0.1,1.4,0.7,1,5.3,4.8,15.4,9.4,61.7
872,0.2,0,0.4,0.7,0.6,5.1,4.7,15.9,9.1,63.3
873,1.4,0,0.5,0.2,1,5.2,4.7,15.3,6.9,64.8
874,0.6,0,0.9,0.2,1.8,5.1,4.8,12.6,8.4,65.6
875,0.7,0,0.9,0,0.2,4.1,5,12.9,10,66.2
876,0.4,0.4,0.9,0.6,0,2.3,4.9,11.2,10.3,69
877,0.3,0.3,0.9,0.6,0,1.8,5,11.9,9.2,70
878,1.1,0,0.2,0,0,2.7,5.1,13.8,8.8,68.3
879,0.8,0,0.2,0,0,3.4,4.8,12.9,8.9,69
880,0,1,1.2,0,0,3.4,4.5,12.8,8.3,68.8
881,1,0.4,1.9,0,0,5.5,4.3,14.1,8.3,64.5
882,1,1.2,0.7,0.8,0.8,5.8,4.9,13.4,10.6,60.8
883,0,0.4,0.8,0.8,1.2,5.1,4.2,13.4,12.8,61.3
884,0,0.6,1.4,0,1.8,2.8,3.2,13.4,13.4,63.4
885,0,0.4,1.7,0,1.4,2.3,2.8,13.6,13.5,64.3
886,0.4,1.4,1.3,0.6,1.5,2.7,2,13.2,11.5,65.4
887,0.4,2.4,0.9,0.4,0,3.7,3,13.5,9.8,65.9
888,0.1,1.9,0.9,1.3,0,5.1,4.1,13.8,7.5,65.3
889,0.1,1.2,1.6,1.4,0,5.5,4.7,14.6,5.7,65.2
890,0.1,1.8,1.7,0.5,0,4.9,4.2,14.7,5,67.1
891,0.5,1.3,0,1.7,0.6,5.2,4,14.1,5,67.6
892,0.5,0.7,0.7,1.3,1.5,4.6,3.6,14,5.1,68
893,1.8,0.7,0.3,0.7,1.5,3.6,3.6,14,6.3,67.5
894,3.1,0.1,0.3,1,2.7,4.1,2.7,14.8,6.6,64.6
895,2.5,0.6,0.9,1.7,2.1,3.5,1.6,14.9,7.1,65.1
896,2.2,0.6,0.6,2.3,3.7,2.1,2.5,15.2,5.6,65.2
897,1.9,0.1,2,1.8,5,0.6,2.8,14.8,3.4,67.6
898,1.5,1,2.9,1.5,5,0.8,2.8,14.4,1,69.1
899,1,1.2,2.4,1.8,3.8,1.2,1.9,15.1,1.4,70.2
900,0.6,2.3,0.8,2,4.1,1.1,1.6,15.8,1.6,70.1
901,0.4,2.3,0.4,3,3.4,1,1.9,15.7,1.2,70.7
902,0.5,1.9,0.3,3.2,3.3,1.6,1.6,14.4,2.2,71
903,1.7,2.9,0.6,1.8,3.9,1.8,2.4,15,2.7,67.2
904,1.3,5.5,1,1.2,2.7,1.7,4,15.5,3.7,63.4
905,1.6,7.1,1.3,0.6,2.3,1.5,5.9,16,4.3,59.4
906,1.8,8.7,2.5,0.6,1.9,0.3,7.8,16,5.3,55.1
907,0.2,9.2,1.6,0.4,0,0,9.8,16,6,56.8
908,0.4,8.2,0.2,1.7,0,0.2,8.9,17,5.8,57.6
909,0.8,6.8,0,1.7,1,0.2,8.5,17.9,6.3,56.8
910,0.8,5.8,0.6,1.7,0,0.7,7.1,19.1,7.4,56.8
911,0.6,6.2,0,1.3,0,1.3,7.6,20.1,8.8,54.1
912,1.2,6.4,0.7,1.6,0.9,0.7,6.7,21.1,10.2,50.5
913,1.5,4.6,0.9,2.1,1.3,0.7,6.8,21.8,11.2,49.1
914,0.3,3.8,0.3,2.2,0.9,0.9,7.8,23.1,13.8,46.9
915,1.8,2.2,0.3,2.6,0.9,0.9,7.2,23.6,14,46.5
916,0.5,1.6,2.2,1.9,0,0.3,6.9,24.1,16,46.5
917,0.4,1.6,1.1,2.9,1.2,0.5,4.8,23.6,14.4,49.5
918,0.5,2.7,1.5,3,1.2,1,2.5,23.7,11.2,52.7
919,0.4,2.7,0.8,4.5,2.1,1.5,2.3,25.5,8.2,52
920,0.1,1.4,0.4,5.8,2.7,1.5,4,26.1,8.8,49.2
921,0,0.6,0.3,6.8,3,2,4.9,26.4,7.3,48.7
922,0.4,1.1,0.3,5.2,2.1,3.1,3.6,26.5,3.8,53.9
923,0,1.5,0,6.1,1.3,3.3,3,26.8,3.1,54.9
924,0,0.5,0,6.1,1.3,3.8,2.1,26.8,3.7,55.7
925,0.3,0.5,0,5,0.4,4.1,2.4,26.2,3.1,58
926,0,0,0.2,3.2,0.6,5.6,2.2,26.3,2.9,59
927,0,0,0.2,3,0,7.6,1.3,25.2,4,58.7
928,1,0,0.2,2.4,0,7.3,0.2,26,3.9,59
929,0,1,0,2.4,0,7.9,0.5,25.7,3.5,59
930,0,0.6,0.4,1.2,0,8,1.1,24.7,5,59
931,0,0,1.5,1,0.8,7.9,0,25.3,6.4,57.1
932,0,0,0,0.4,0.8,6,0.1,25.6,8.8,58.3
933,0.1,0,0,0.1,0,3.8,0.2,26.4,10.7,58.7
934,0.2,0,0.6,0.1,0.9,2.3,0.4,26.3,10.7,58.5
935,0.4,0,0.6,0.1,0,2.3,1,24.7,12.4,58.5
936,0.1,0,0,1,0,1.2,1,24.7,12.7,59.3
937,0.1,0,0,0,0,1.1,1.6,25,12.8,59.4
938,0,0,0.2,0,0,0,1.7,24.5,15.3,58.3
939,0,0,0,0,0,0,1.8,25.2,15.6,57.4
940,0,1,0.7,0.7,0.1,0.4,1.2,23.5,16,56.4
941,0.1,0.5,0.7,0.9,1,0.4,1.2,23.8,16.3,55.1
942,0.1,0.1,0.7,0.6,1.9,0,1.2,22.1,16.5,56.8
943,0.5,0.1,1.1,0.6,1,0,0.9,23.6,16.7,55.5
944,0,0.1,0.7,0.2,0.9,1.3,1.5,22.3,16.8,56.2
945,0,0,0.7,0.1,2.6,0.8,2.4,20.9,17.3,55.2
946,0,0,1.1,0,5.3,0,5.2,17.1,16,55.3
947,0,0,1.7,0.5,5.2,0,6.3,14.5,16.8,55
948,0.2,0,0.7,1,5,0,7.1,12.6,16.7,56.7
949,0,0,1.4,1.8,4.1,1.5,5.4,11.5,17.1,57.2
950,0,0.8,1.4,1,5.5,1.8,6.4,7.5,17.2,58.4
951,0.5,1.3,1.4,1,5.2,2.2,7.3,6.3,16.9,57.9
952,0.7,1.3,1.4,1.2,5.2,5.4,6.2,5.4,14.9,58.3
953,0.2,1.2,1.7,2.2,4.4,6,6,6.5,13.3,58.5
954,0.6,0.4,2,2.8,2.6,7.2,7.9,7.7,12,56.8
955,0.3,0.6,2.4,2.9,2.6,8.4,8.4,7.9,10.2,56.3
956,0.3,0.6,1.7,3.7,3.8,7.8,7.7,7.4,10.2,56.8
957,0.3,0.2,1.7,3.4,3.9,6.9,7.8,8.2,10.5,57.1
958,0.7,0.5,2.7,2.6,6.2,6.8,6.3,5.8,9.4,59
959,0.8,0,2.6,1.9,5.6,7.4,6.3,5.2,9,61.2
960,1,0,2.3,2.3,3.6,5.4,9,8.5,5.8,62.1
961,0.8,0.5,1.7,3.4,0.9,5.6,10.3,10.4,3.8,62.6
962,0,0.5,1.3,4.6,1.2,6.6,9.8,12.1,1.1,62.8
963,0,1.9,1.6,5,0.6,5.9,7.4,11.7,2.4,63.5
964,0.6,1.5,2.1,3.8,0.9,8.9,3.7,9.1,5,64.4
965,0,0.7,2.8,3.4,1.9,9.4,2.7,6.6,7.2,65.3
966,0.5,1.7,2.5,2.4,2.5,10.6,1.5,4.5,7.2,66.6
967,0.7,1.2,2.4,0.9,4,11.2,0.7,2.8,9.8,66.3
968,0.2,0.3,2.8,0.7,5.5,9.4,1.6,2.3,10.3,66.9
969,0.2,0.3,2,1.3,6.7,7.3,2.5,1.5,12.1,66.1
970,0,1.5,0.9,1,7.5,6.4,3.4,1.9,11.6,65.8
971,1.2,1,0,1.6,9.2,4.6,3.8,1.9,9.3,67.4
972,0.2,1.2,0.8,1.6,8.9,3.9,3.1,2.1,9.2,69
973,0.2,1.2,0.6,3.2,8.9,3.3,3.1,2.1,7,70.4
974,1.1,1.2,0.3,4.5,8.3,3.4,3.4,2.3,5.6,69.9
975,1.1,1.2,0.4,6.2,7.9,4.6,2.6,2.3,2.3,71.4
976,0.9,1.7,1.2,6.4,6,5.7,2.1,1.9,2.2,71.9
977,0.5,0.2,1.7,5.5,4.7,7,2.8,2,2.7,72.9
978,0,0.2,2.3,5.4,3.9,6.8,2.8,1.8,4.6,72.2
979,0.4,0.1,2.5,4.4,2.2,6,4,1.5,5.9,73
980,1,0.3,2.2,3.8,1.2,6.5,4,1.9,6,73.1
981,1,0.7,1.4,1.5,0.8,6.4,4.5,2,6,75.7
982,1,0.9,0.6,0.7,0.7,6.4,5.1,1.6,6.9,76.1
983,0.1,0.7,0.5,1.4,0.4,7.4,4.2,2.1,7.1,76.1
984,0.3,0.2,0.5,1.1,0.5,7.7,3.8,2.5,6.6,76.8
985,1.1,0.8,0.3,0.6,0.8,6.7,5,3.3,4.8,76.6
986,0.3,0.9,0.5,1.2,0.9,6.5,4.5,3.4,4.9,76.9
987,0,0.2,0.9,0.5,1.9,6.9,3.4,4.1,4.5,77.6
988,0.1,1.5,1.3,1,2,6.9,2.4,4.3,2.9,77.6
989,0.5,0,1.4,1,2,6.7,2.4,3.9,3.4,78.7
990,1,0,1.4,1.6,2,6.1,2,4.3,3,78.6
991,0.2,0.2,1.1,1.4,1.3,6.3,1.9,5,2.3,80.3
992,0.6,0.1,1.3,1.1,1.1,4.8,2.8,5,2.1,81.1
993,0.4,0,1.3,1.1,1.3,3.9,2.8,4.3,2.9,82
994,0.4,0.8,1.1,1.7,1.5,2.3,2.3,4.5,2.2,83.2
995,0,0.2,0.9,0.9,1.5,2.3,3.9,4.3,1.8,84.2
996,0,1,0.3,0.3,1.8,0.3,4.6,5.2,1.8,84.7
997,0,0,1.9,0.5,3.2,0.6,4.4,4.8,1.7,82.9
998,0.6,0,2,0.7,3,0.8,3.1,4.8,1.6,83.4
999,0.7,0.7,2.2,0.8,4.8,0.8,2,5,1.8,81.2
1000,0.6,0.4,1.9,0.6,4.7,0.8,2.7,4.6,1.8,81.9
